time,c8y_Acceleration.accelerationX,c8y_Acceleration.accelerationY,c8y_Acceleration.accelerationZ,label
2023-04-03T09:37:05.500+02:00,-0.0738525390625,0.5504302978515625,0.82275390625,moving
2023-04-03T09:36:30.500+02:00,-0.036346435546875,0.0469818115234375,1.2482452392578125,moving
2023-04-03T09:37:48.000+02:00,1.020660400390625,0.2431640625,0.65325927734375,moving
2023-04-03T09:25:56.000+02:00,0.0109405517578125,0.02288818359375,0.997894287109375,sitting
2023-04-03T09:24:27.000+02:00,0.0103912353515625,0.02398681640625,0.998016357421875,sitting
2023-04-03T09:23:40.500+02:00,0.009552001953125,0.02362060546875,0.9967498779296876,sitting
2023-04-03T09:25:58.500+02:00,0.010894775390625,0.0235595703125,0.9972686767578124,sitting
2023-04-03T09:35:33.000+02:00,0.3242645263671875,0.3312835693359375,-0.8428497314453125,moving
2023-04-03T09:36:22.500+02:00,0.302276611328125,0.95098876953125,0.20050048828125,moving
2023-04-03T09:37:09.500+02:00,-0.023223876953125,0.319122314453125,1.0140838623046875,moving
2023-04-03T09:37:32.000+02:00,-0.1816558837890625,0.2269439697265625,0.9652099609375,moving
2023-04-03T09:35:04.500+02:00,0.2604522705078125,-0.344970703125,1.1439208984375,moving
2023-04-03T09:25:18.000+02:00,0.0107879638671875,0.0239715576171875,0.9989166259765624,sitting
2023-04-03T09:23:50.500+02:00,0.0087127685546875,0.0223541259765625,0.9966583251953124,sitting
2023-04-03T09:36:24.000+02:00,0.8316802978515625,0.3983306884765625,-0.659912109375,moving
2023-04-03T09:35:12.000+02:00,0.3885650634765625,0.12554931640625,0.9136505126953124,moving
2023-04-03T09:25:31.000+02:00,0.0117645263671875,0.0234375,0.996368408203125,sitting
2023-04-03T09:25:05.000+02:00,0.010040283203125,0.0241851806640625,0.9991455078125,sitting
2023-04-03T09:24:22.500+02:00,0.0102386474609375,0.0241241455078125,0.9975738525390624,sitting
2023-04-03T09:37:02.500+02:00,-0.34820556640625,-0.0443115234375,0.9268798828125,moving
2023-04-03T09:23:19.500+02:00,0.00897216796875,0.0236358642578125,0.9971923828125,sitting
2023-04-03T09:23:54.500+02:00,0.010650634765625,0.023956298828125,0.9969940185546876,sitting
2023-04-03T09:38:06.500+02:00,0.02044677734375,0.020599365234375,0.9965362548828124,moving
2023-04-03T09:35:44.000+02:00,0.2274322509765625,0.42523193359375,0.4070281982421875,moving
2023-04-03T09:24:30.500+02:00,0.009490966796875,0.02301025390625,0.9974365234375,sitting
2023-04-03T09:35:11.000+02:00,-1.0530242919921875,0.612945556640625,-0.273681640625,moving
2023-04-03T09:25:44.500+02:00,0.0107269287109375,0.023468017578125,0.9972686767578124,sitting
2023-04-03T09:24:46.500+02:00,0.0099945068359375,0.02392578125,0.9974517822265624,sitting
2023-04-03T09:25:02.000+02:00,0.0122222900390625,0.0242462158203125,0.9979248046875,sitting
2023-04-03T09:23:48.500+02:00,0.009246826171875,0.024627685546875,0.9982452392578124,sitting
2023-04-03T09:24:49.000+02:00,0.01055908203125,0.0243682861328125,0.9960174560546876,sitting
2023-04-03T09:23:39.000+02:00,0.0086517333984375,0.0240936279296875,0.997100830078125,sitting
2023-04-03T09:36:39.500+02:00,-0.42376708984375,-0.0465240478515625,0.8412322998046875,moving
2023-04-03T09:23:59.000+02:00,0.009124755859375,0.0229644775390625,0.9973602294921876,sitting
2023-04-03T09:38:04.000+02:00,0.1827545166015625,-0.0003204345703125,1.003204345703125,moving
2023-04-03T09:35:31.000+02:00,0.2645263671875,0.4810638427734375,-0.145416259765625,moving
2023-04-03T09:36:01.000+02:00,0.8507537841796875,-0.306976318359375,-0.8420257568359375,moving
2023-04-03T09:35:01.000+02:00,0.677215576171875,0.1974945068359375,0.8909912109375,moving
2023-04-03T09:24:17.500+02:00,0.0087432861328125,0.0247955322265625,0.9959564208984376,sitting
2023-04-03T09:36:37.000+02:00,-0.192596435546875,0.2436981201171875,0.8464508056640625,moving
2023-04-03T09:23:16.500+02:00,0.0091705322265625,0.0232696533203125,0.997222900390625,sitting
2023-04-03T09:25:09.500+02:00,0.0096282958984375,0.0230712890625,0.9972381591796876,sitting
2023-04-03T09:35:01.500+02:00,0.0571441650390625,-0.2693634033203125,1.0627899169921875,moving
2023-04-03T09:23:38.000+02:00,0.0101318359375,0.0243072509765625,0.9965667724609376,sitting
2023-04-03T09:35:52.000+02:00,0.280303955078125,0.43463134765625,0.178131103515625,moving
2023-04-03T09:23:32.500+02:00,0.008697509765625,0.023468017578125,0.99786376953125,sitting
2023-04-03T09:37:39.000+02:00,-0.208404541015625,0.1207122802734375,1.302642822265625,moving
2023-04-03T09:35:35.500+02:00,0.2692413330078125,0.448089599609375,0.1031951904296875,moving
2023-04-03T09:23:05.000+02:00,0.010345458984375,0.0242462158203125,0.9964752197265624,sitting
2023-04-03T09:35:18.500+02:00,0.0988006591796875,-0.1747283935546875,0.9937896728515624,moving
2023-04-03T09:23:33.000+02:00,0.0085906982421875,0.0245208740234375,0.9966278076171876,sitting
2023-04-03T09:24:00.000+02:00,0.0102081298828125,0.0249481201171875,0.9956207275390624,sitting
2023-04-03T09:38:11.500+02:00,0.019775390625,0.0186920166015625,0.9972076416015624,moving
2023-04-03T09:24:39.500+02:00,0.0103607177734375,0.024505615234375,0.9990081787109376,sitting
2023-04-03T09:35:17.500+02:00,0.014801025390625,0.038177490234375,1.0409088134765625,moving
2023-04-03T09:36:27.500+02:00,0.668609619140625,0.507568359375,0.1784210205078125,moving
2023-04-03T09:23:38.500+02:00,0.009674072265625,0.0242767333984375,0.99835205078125,sitting
2023-04-03T09:23:27.000+02:00,0.0106048583984375,0.02374267578125,0.998870849609375,sitting
2023-04-03T09:25:48.500+02:00,0.0120849609375,0.0236053466796875,0.9954986572265624,sitting
2023-04-03T09:25:28.000+02:00,0.0115814208984375,0.0241241455078125,0.997283935546875,sitting
2023-04-03T09:37:56.500+02:00,1.0730743408203125,-0.2149200439453125,-1.0937652587890625,moving
2023-04-03T09:25:07.000+02:00,0.0100860595703125,0.024505615234375,0.99652099609375,sitting
2023-04-03T09:24:45.000+02:00,0.0106658935546875,0.0225830078125,0.9970245361328124,sitting
2023-04-03T09:36:14.500+02:00,-0.3490753173828125,-0.102294921875,1.0648040771484375,moving
2023-04-03T09:25:30.500+02:00,0.0108795166015625,0.0252838134765625,0.996246337890625,sitting
2023-04-03T09:36:36.500+02:00,0.789703369140625,-0.103546142578125,-0.9126129150390624,moving
2023-04-03T09:25:49.000+02:00,0.0098876953125,0.0240631103515625,0.9981842041015624,sitting
2023-04-03T09:35:02.000+02:00,0.057830810546875,0.1349029541015625,0.8166656494140625,moving
2023-04-03T09:35:46.000+02:00,0.57196044921875,0.27490234375,-0.3674774169921875,moving
2023-04-03T09:35:38.000+02:00,0.20147705078125,0.4364013671875,0.7276458740234375,moving
2023-04-03T09:35:29.500+02:00,0.8625946044921875,-0.2069244384765625,-1.4765625,moving
2023-04-03T09:25:46.500+02:00,0.0124359130859375,0.0240936279296875,0.997589111328125,sitting
2023-04-03T09:24:36.000+02:00,0.01043701171875,0.0234375,0.9960479736328124,sitting
2023-04-03T09:23:36.000+02:00,0.0076751708984375,0.022857666015625,0.9977264404296876,sitting
2023-04-03T09:24:51.500+02:00,0.0108642578125,0.0250396728515625,0.9972991943359376,sitting
2023-04-03T09:35:49.500+02:00,1.0742645263671875,0.381591796875,-1.19403076171875,moving
2023-04-03T09:36:52.000+02:00,0.9258270263671876,0.1094818115234375,0.772247314453125,moving
2023-04-03T09:23:31.500+02:00,0.010345458984375,0.0222625732421875,0.9977874755859376,sitting
2023-04-03T09:37:18.500+02:00,0.383575439453125,0.39044189453125,0.6254730224609375,moving
2023-04-03T09:35:26.500+02:00,0.4258880615234375,-0.01177978515625,1.023712158203125,moving
2023-04-03T09:23:24.500+02:00,0.010162353515625,0.0237884521484375,0.999176025390625,sitting
2023-04-03T09:35:34.000+02:00,-0.0482940673828125,-0.1013336181640625,1.3434295654296875,moving
2023-04-03T09:36:27.000+02:00,-0.43084716796875,-0.008941650390625,1.2404632568359375,moving
2023-04-03T09:35:08.500+02:00,-0.9255523681640624,0.6927490234375,-0.2467498779296875,moving
2023-04-03T09:37:40.500+02:00,-0.2841796875,0.1004180908203125,1.0030059814453125,moving
2023-04-03T09:36:52.500+02:00,0.2234344482421875,-0.1768035888671875,0.8910980224609375,moving
2023-04-03T09:36:04.500+02:00,0.4306488037109375,0.024505615234375,0.9608917236328124,moving
2023-04-03T09:23:11.500+02:00,0.010711669921875,0.0248260498046875,0.9972991943359376,sitting
2023-04-03T09:35:23.500+02:00,0.4655609130859375,0.13604736328125,1.0057220458984375,moving
2023-04-03T09:38:11.000+02:00,0.019195556640625,0.0189971923828125,0.99713134765625,moving
2023-04-03T09:35:45.000+02:00,0.0909271240234375,0.45135498046875,0.2853240966796875,moving
2023-04-03T09:24:22.000+02:00,0.0097503662109375,0.0235137939453125,0.997650146484375,sitting
2023-04-03T09:25:27.000+02:00,0.0121917724609375,0.0240478515625,0.99627685546875,sitting
2023-04-03T09:35:19.000+02:00,-0.060150146484375,0.472198486328125,0.5831146240234375,moving
2023-04-03T09:25:13.000+02:00,0.01043701171875,0.0235748291015625,0.9962005615234376,sitting
2023-04-03T09:23:43.000+02:00,0.0092926025390625,0.024139404296875,0.9965972900390624,sitting
2023-04-03T09:36:57.500+02:00,-0.8157806396484375,0.3765411376953125,-0.6419219970703125,moving
2023-04-03T09:23:01.000+02:00,0.009796142578125,0.024505615234375,0.9983673095703124,sitting
2023-04-03T09:25:57.000+02:00,0.0101776123046875,0.02447509765625,0.9977264404296876,sitting
2023-04-03T09:37:04.000+02:00,-0.5135345458984375,-0.4048004150390625,1.143768310546875,moving
2023-04-03T09:23:15.000+02:00,0.009674072265625,0.02288818359375,0.9971466064453124,sitting
2023-04-03T09:37:09.000+02:00,-0.05450439453125,0.610443115234375,0.2137603759765625,moving
2023-04-03T09:37:46.000+02:00,-0.4994354248046875,-0.189361572265625,1.065582275390625,moving
2023-04-03T09:35:40.500+02:00,0.9983978271484376,-0.048919677734375,-0.957244873046875,moving
2023-04-03T09:24:06.500+02:00,0.009918212890625,0.023345947265625,0.996673583984375,sitting
2023-04-03T09:25:38.000+02:00,0.011383056640625,0.0251312255859375,0.997314453125,sitting
2023-04-03T09:35:27.000+02:00,0.270355224609375,0.2742156982421875,0.9719696044921876,moving
2023-04-03T09:37:34.000+02:00,0.1990966796875,0.2513427734375,0.850433349609375,moving
2023-04-03T09:35:36.000+02:00,-0.2435455322265625,-0.0040435791015625,1.0945281982421875,moving
2023-04-03T09:25:03.500+02:00,0.010711669921875,0.0236053466796875,0.9961700439453124,sitting
2023-04-03T09:37:19.500+02:00,0.27679443359375,0.4406280517578125,0.180023193359375,moving
2023-04-03T09:24:38.000+02:00,0.011566162109375,0.0233917236328125,0.9967803955078124,sitting
2023-04-03T09:24:55.500+02:00,0.00909423828125,0.0245513916015625,0.9964599609375,sitting
2023-04-03T09:36:02.000+02:00,-0.286895751953125,-0.226593017578125,1.24932861328125,moving
2023-04-03T09:23:42.000+02:00,0.0090179443359375,0.0232696533203125,0.99603271484375,sitting
2023-04-03T09:23:39.500+02:00,0.0083160400390625,0.0229949951171875,0.998504638671875,sitting
2023-04-03T09:24:57.000+02:00,0.009979248046875,0.024658203125,0.9976806640625,sitting
2023-04-03T09:25:29.000+02:00,0.0117340087890625,0.023590087890625,0.997833251953125,sitting
2023-04-03T09:35:20.000+02:00,-0.1572113037109375,0.542694091796875,0.4762115478515625,moving
2023-04-03T09:24:19.000+02:00,0.0082855224609375,0.023223876953125,0.996612548828125,sitting
2023-04-03T09:23:15.500+02:00,0.0103912353515625,0.0234222412109375,0.9973602294921876,sitting
2023-04-03T09:24:14.000+02:00,0.009246826171875,0.0235443115234375,0.99676513671875,sitting
2023-04-03T09:37:25.500+02:00,-0.3512725830078125,0.056549072265625,0.9720306396484376,moving
2023-04-03T09:35:29.000+02:00,0.4086456298828125,0.5210113525390625,0.3388671875,moving
2023-04-03T09:35:37.000+02:00,0.7135162353515625,0.0894622802734375,-0.8980560302734375,moving
2023-04-03T09:36:11.500+02:00,0.6286163330078125,-0.20745849609375,-1.1431884765625,moving
2023-04-03T09:38:08.500+02:00,0.0191802978515625,0.019744873046875,0.9971771240234376,moving
2023-04-03T09:36:45.500+02:00,0.568878173828125,0.18402099609375,0.1426544189453125,moving
2023-04-03T09:23:27.500+02:00,0.0087738037109375,0.024444580078125,0.9977264404296876,sitting
2023-04-03T09:24:44.000+02:00,0.010284423828125,0.022857666015625,0.996795654296875,sitting
2023-04-03T09:25:45.500+02:00,0.0091400146484375,0.0237884521484375,0.996856689453125,sitting
2023-04-03T09:36:17.500+02:00,0.0461883544921875,0.8535003662109375,0.013214111328125,moving
2023-04-03T09:25:40.500+02:00,0.0111541748046875,0.023681640625,0.998382568359375,sitting
2023-04-03T09:24:45.500+02:00,0.0104522705078125,0.0236968994140625,0.99725341796875,sitting
2023-04-03T09:25:42.500+02:00,0.0096588134765625,0.02545166015625,0.99700927734375,sitting
2023-04-03T09:23:30.000+02:00,0.007568359375,0.02392578125,0.9979705810546876,sitting
2023-04-03T09:37:01.500+02:00,1.151611328125,-0.00665283203125,-0.48748779296875,moving
2023-04-03T09:37:23.000+02:00,0.79351806640625,0.4100799560546875,-0.4334716796875,moving
2023-04-03T09:37:57.000+02:00,-0.1102142333984375,0.2758941650390625,-0.9345245361328124,moving
2023-04-03T09:36:55.500+02:00,0.9051971435546876,0.2206573486328125,0.708892822265625,moving
2023-04-03T09:24:47.500+02:00,0.011016845703125,0.0244598388671875,0.9973907470703124,sitting
2023-04-03T09:25:04.000+02:00,0.0086669921875,0.02386474609375,0.997283935546875,sitting
2023-04-03T09:23:45.000+02:00,0.0083160400390625,0.0240936279296875,0.998291015625,sitting
2023-04-03T09:36:56.500+02:00,-0.2322235107421875,-0.4455718994140625,1.1009063720703125,moving
2023-04-03T09:35:23.000+02:00,0.08538818359375,-0.0499725341796875,1.285888671875,moving
2023-04-03T09:23:34.500+02:00,0.0100250244140625,0.023284912109375,0.9970703125,sitting
2023-04-03T09:37:57.500+02:00,-0.4628448486328125,0.4737396240234375,1.15118408203125,moving
2023-04-03T09:24:05.500+02:00,0.0092010498046875,0.0244293212890625,0.99737548828125,sitting
2023-04-03T09:23:22.000+02:00,0.0088043212890625,0.0233306884765625,0.99908447265625,sitting
2023-04-03T09:23:35.000+02:00,0.00885009765625,0.0248870849609375,0.9985809326171876,sitting
2023-04-03T09:37:00.500+02:00,-0.1722259521484375,0.255035400390625,1.2729644775390625,moving
2023-04-03T09:24:42.000+02:00,0.0124053955078125,0.0235595703125,0.997100830078125,sitting
2023-04-03T09:25:12.000+02:00,0.0117950439453125,0.02374267578125,0.99713134765625,sitting
2023-04-03T09:35:57.500+02:00,0.1269073486328125,0.5722808837890625,0.00677490234375,moving
2023-04-03T09:24:07.500+02:00,0.01019287109375,0.0246124267578125,0.99725341796875,sitting
2023-04-03T09:37:11.000+02:00,-0.27947998046875,-0.0705718994140625,0.9853973388671876,moving
2023-04-03T09:23:14.000+02:00,0.00848388671875,0.0240478515625,0.9964141845703124,sitting
2023-04-03T09:25:54.000+02:00,0.00982666015625,0.0253448486328125,0.9973602294921876,sitting
2023-04-03T09:36:12.500+02:00,-0.1465606689453125,-0.0057220458984375,1.310821533203125,moving
2023-04-03T09:37:26.000+02:00,0.6911773681640625,0.3216400146484375,0.915924072265625,moving
2023-04-03T09:24:08.000+02:00,0.00885009765625,0.0231781005859375,0.997589111328125,sitting
2023-04-03T09:36:35.000+02:00,-0.0430450439453125,0.40093994140625,0.4373321533203125,moving
2023-04-03T09:23:03.000+02:00,0.0092315673828125,0.0258026123046875,0.996978759765625,sitting
2023-04-03T09:25:47.500+02:00,0.0110321044921875,0.0249481201171875,0.9972991943359376,sitting
2023-04-03T09:23:36.500+02:00,0.0087890625,0.024322509765625,0.9971466064453124,sitting
2023-04-03T09:36:48.500+02:00,1.068695068359375,0.308380126953125,-0.4881439208984375,moving
2023-04-03T09:37:51.500+02:00,0.7516021728515625,0.2676239013671875,-0.914154052734375,moving
2023-04-03T09:24:12.500+02:00,0.0085601806640625,0.0233917236328125,0.99664306640625,sitting
2023-04-03T09:24:59.500+02:00,0.0096893310546875,0.0245819091796875,0.99591064453125,sitting
2023-04-03T09:25:50.000+02:00,0.0102996826171875,0.0229339599609375,0.996826171875,sitting
2023-04-03T09:24:06.000+02:00,0.00848388671875,0.02325439453125,0.998504638671875,sitting
2023-04-03T09:37:20.000+02:00,-0.123199462890625,0.2682647705078125,1.5538177490234375,moving
2023-04-03T09:36:53.500+02:00,-0.5446319580078125,0.635528564453125,-0.2571258544921875,moving
2023-04-03T09:37:48.500+02:00,0.347076416015625,-0.0220794677734375,0.7426605224609375,moving
2023-04-03T09:23:20.500+02:00,0.0084381103515625,0.0244903564453125,0.9963531494140624,sitting
2023-04-03T09:23:54.000+02:00,0.0095672607421875,0.0241546630859375,0.99725341796875,sitting
2023-04-03T09:25:26.500+02:00,0.01055908203125,0.022125244140625,0.998138427734375,sitting
2023-04-03T09:23:28.000+02:00,0.01043701171875,0.023193359375,0.9964447021484376,sitting
2023-04-03T09:37:13.500+02:00,0.9909515380859376,-0.063446044921875,-1.1968994140625,moving
2023-04-03T09:24:50.000+02:00,0.0112457275390625,0.0228271484375,0.9983367919921876,sitting
2023-04-03T09:25:55.500+02:00,0.0111236572265625,0.023162841796875,0.9982452392578124,sitting
2023-04-03T09:36:36.000+02:00,0.6462860107421875,0.070404052734375,-0.797210693359375,moving
2023-04-03T09:25:21.500+02:00,0.0104827880859375,0.023406982421875,0.9977874755859376,sitting
2023-04-03T09:23:12.000+02:00,0.009521484375,0.0248565673828125,0.9961700439453124,sitting
2023-04-03T09:24:39.000+02:00,0.008636474609375,0.0246734619140625,0.996978759765625,sitting
2023-04-03T09:24:46.000+02:00,0.0102996826171875,0.0258026123046875,0.9967041015625,sitting
2023-04-03T09:36:24.500+02:00,0.7684173583984375,0.3379364013671875,-0.6998748779296875,moving
2023-04-03T09:25:44.000+02:00,0.00982666015625,0.0250701904296875,0.9957275390625,sitting
2023-04-03T09:25:32.000+02:00,0.01141357421875,0.0240936279296875,0.997344970703125,sitting
2023-04-03T09:23:55.000+02:00,0.0114593505859375,0.02471923828125,0.9986419677734376,sitting
2023-04-03T09:23:41.000+02:00,0.009063720703125,0.023895263671875,0.99737548828125,sitting
2023-04-03T09:23:25.500+02:00,0.010284423828125,0.02337646484375,0.996490478515625,sitting
2023-04-03T09:38:02.000+02:00,0.213348388671875,0.675323486328125,-0.4811553955078125,moving
2023-04-03T09:36:59.000+02:00,0.63519287109375,0.0530548095703125,0.845855712890625,moving
2023-04-03T09:36:19.500+02:00,-0.1595611572265625,0.8716888427734375,0.4089202880859375,moving
2023-04-03T09:25:59.500+02:00,0.009735107421875,0.0236663818359375,0.997589111328125,sitting
2023-04-03T09:25:43.000+02:00,0.0093536376953125,0.0248260498046875,0.9973907470703124,sitting
2023-04-03T09:36:04.000+02:00,-0.18975830078125,-0.09954833984375,1.09033203125,moving
2023-04-03T09:24:09.500+02:00,0.010528564453125,0.023773193359375,0.996337890625,sitting
2023-04-03T09:35:47.500+02:00,-0.56915283203125,0.792877197265625,0.150848388671875,moving
2023-04-03T09:24:53.500+02:00,0.0068817138671875,0.02569580078125,0.99798583984375,sitting
2023-04-03T09:23:09.000+02:00,0.0096435546875,0.0234375,0.9980621337890624,sitting
2023-04-03T09:36:31.500+02:00,0.5337066650390625,0.025360107421875,0.8983917236328125,moving
2023-04-03T09:24:10.000+02:00,0.00872802734375,0.0235748291015625,0.998260498046875,sitting
2023-04-03T09:35:33.500+02:00,0.56103515625,0.37066650390625,-0.8386688232421875,moving
2023-04-03T09:36:47.000+02:00,-0.3030853271484375,0.616790771484375,-0.7251434326171875,moving
2023-04-03T09:23:41.500+02:00,0.0095672607421875,0.0242767333984375,0.9968719482421876,sitting
2023-04-03T09:23:30.500+02:00,0.0073394775390625,0.02392578125,0.997039794921875,sitting
2023-04-03T09:24:57.500+02:00,0.0078277587890625,0.0233917236328125,0.997344970703125,sitting
2023-04-03T09:37:08.500+02:00,0.33416748046875,0.21905517578125,-1.0867767333984375,moving
2023-04-03T09:23:14.500+02:00,0.0091094970703125,0.0237884521484375,0.9971160888671876,sitting
2023-04-03T09:35:44.500+02:00,1.057373046875,-0.0794219970703125,-0.920440673828125,moving
2023-04-03T09:35:46.500+02:00,0.6547393798828125,0.1291656494140625,-0.7191925048828125,moving
2023-04-03T09:25:24.000+02:00,0.009979248046875,0.02423095703125,0.9957122802734376,sitting
2023-04-03T09:36:40.500+02:00,-0.39654541015625,-0.2536163330078125,0.9795074462890624,moving
2023-04-03T09:24:31.000+02:00,0.009002685546875,0.02398681640625,0.9959869384765624,sitting
2023-04-03T09:38:10.500+02:00,0.0188446044921875,0.0197906494140625,0.997894287109375,moving
2023-04-03T09:25:10.000+02:00,0.0106048583984375,0.0228729248046875,0.9978790283203124,sitting
2023-04-03T09:35:35.000+02:00,0.902557373046875,0.0734710693359375,-0.9832611083984376,moving
2023-04-03T09:35:02.500+02:00,-1.0039520263671875,0.54034423828125,0.0867919921875,moving
2023-04-03T09:35:56.000+02:00,-0.018280029296875,-0.1858673095703125,1.1910400390625,moving
2023-04-03T09:38:07.000+02:00,0.0189666748046875,0.0192108154296875,0.996612548828125,moving
2023-04-03T09:25:34.000+02:00,0.0114593505859375,0.0232086181640625,0.998779296875,sitting
2023-04-03T09:24:44.500+02:00,0.0109100341796875,0.0235748291015625,0.9969482421875,sitting
2023-04-03T09:35:11.500+02:00,0.2745819091796875,0.3401641845703125,0.9039154052734376,moving
2023-04-03T09:35:32.000+02:00,0.1491546630859375,0.3842010498046875,0.4304046630859375,moving
2023-04-03T09:24:28.000+02:00,0.008636474609375,0.023895263671875,0.997467041015625,sitting
2023-04-03T09:36:09.500+02:00,0.0101470947265625,0.1396636962890625,1.190185546875,moving
2023-04-03T09:38:03.500+02:00,0.389617919921875,-0.1138916015625,0.63226318359375,moving
2023-04-03T09:35:37.500+02:00,-0.047607421875,0.2493896484375,1.0418853759765625,moving
2023-04-03T09:36:32.500+02:00,0.3723602294921875,0.0166778564453125,-0.768585205078125,moving
2023-04-03T09:25:12.500+02:00,0.008636474609375,0.0236358642578125,0.9964752197265624,sitting
2023-04-03T09:24:08.500+02:00,0.0083160400390625,0.024139404296875,0.99737548828125,sitting
2023-04-03T09:37:13.000+02:00,-0.3255157470703125,0.508819580078125,0.47589111328125,moving
2023-04-03T09:37:49.000+02:00,-0.0878753662109375,-0.0891265869140625,1.214569091796875,moving
2023-04-03T09:37:30.000+02:00,-0.2644195556640625,0.67962646484375,0.541351318359375,moving
2023-04-03T09:24:21.500+02:00,0.009857177734375,0.0228118896484375,0.997955322265625,sitting
2023-04-03T09:25:47.000+02:00,0.0112152099609375,0.024688720703125,0.9965667724609376,sitting
2023-04-03T09:37:27.500+02:00,-0.5897216796875,0.8043975830078125,-0.5707550048828125,moving
2023-04-03T09:37:22.000+02:00,-0.189483642578125,0.12310791015625,1.252410888671875,moving
2023-04-03T09:25:36.500+02:00,0.0114898681640625,0.023681640625,0.9968414306640624,sitting
2023-04-03T09:37:54.500+02:00,1.4337005615234375,-0.23150634765625,-0.082855224609375,moving
2023-04-03T09:35:06.500+02:00,0.14886474609375,-0.123046875,1.0128326416015625,moving
2023-04-03T09:25:53.000+02:00,0.0126495361328125,0.0232696533203125,0.9969940185546876,sitting
2023-04-03T09:36:08.500+02:00,0.6825408935546875,0.0951385498046875,-0.750946044921875,moving
2023-04-03T09:23:52.000+02:00,0.0093231201171875,0.024658203125,0.9987030029296876,sitting
2023-04-03T09:23:57.000+02:00,0.0094757080078125,0.0237884521484375,0.9981536865234376,sitting
2023-04-03T09:37:35.000+02:00,0.0587005615234375,0.446807861328125,0.960296630859375,moving
2023-04-03T09:37:52.000+02:00,-0.068023681640625,0.1454010009765625,0.85894775390625,moving
2023-04-03T09:37:34.500+02:00,0.9044952392578124,0.607177734375,-0.1085205078125,moving
2023-04-03T09:36:02.500+02:00,0.4673614501953125,0.636871337890625,-0.2216796875,moving
2023-04-03T09:23:46.000+02:00,0.0090789794921875,0.023101806640625,0.9971923828125,sitting
2023-04-03T09:23:03.500+02:00,0.0081024169921875,0.0238800048828125,0.997955322265625,sitting
2023-04-03T09:23:44.500+02:00,0.0100860595703125,0.0232696533203125,0.996795654296875,sitting
2023-04-03T09:37:44.500+02:00,-0.4056549072265625,0.26788330078125,0.8748626708984375,moving
2023-04-03T09:35:05.500+02:00,-1.1024932861328125,0.4803924560546875,0.0171966552734375,moving
2023-04-03T09:36:46.500+02:00,-0.1612548828125,0.6348876953125,-0.41552734375,moving
2023-04-03T09:37:45.500+02:00,0.367156982421875,0.0632476806640625,0.981048583984375,moving
2023-04-03T09:37:21.000+02:00,-0.837310791015625,0.246673583984375,-0.829132080078125,moving
2023-04-03T09:35:32.500+02:00,0.0790557861328125,0.2335968017578125,0.9565277099609376,moving
2023-04-03T09:23:05.500+02:00,0.00958251953125,0.022857666015625,0.9967193603515624,sitting
2023-04-03T09:23:21.500+02:00,0.007659912109375,0.0242919921875,0.99725341796875,sitting
2023-04-03T09:23:21.000+02:00,0.0104522705078125,0.02392578125,0.9970550537109376,sitting
2023-04-03T09:24:23.500+02:00,0.0098876953125,0.0230865478515625,0.9980926513671876,sitting
2023-04-03T09:37:26.500+02:00,-0.07940673828125,-0.00494384765625,1.027069091796875,moving
2023-04-03T09:25:56.500+02:00,0.0114288330078125,0.0238494873046875,0.9976806640625,sitting
2023-04-03T09:24:29.000+02:00,0.007843017578125,0.0240936279296875,0.9971923828125,sitting
2023-04-03T09:35:55.000+02:00,0.186248779296875,-0.00506591796875,1.140350341796875,moving
2023-04-03T09:36:03.500+02:00,0.0523681640625,0.5838470458984375,0.2026214599609375,moving
2023-04-03T09:24:28.500+02:00,0.009490966796875,0.024139404296875,0.9964752197265624,sitting
2023-04-03T09:36:16.500+02:00,-0.351898193359375,0.6902313232421875,-0.088409423828125,moving
2023-04-03T09:36:20.000+02:00,-0.0352325439453125,0.8845062255859375,0.2337493896484375,moving
2023-04-03T09:25:08.500+02:00,0.0107879638671875,0.02496337890625,0.9975738525390624,sitting
2023-04-03T09:36:00.000+02:00,-0.0697784423828125,0.0876007080078125,1.2133636474609375,moving
2023-04-03T09:23:07.500+02:00,0.010406494140625,0.0240020751953125,0.99603271484375,sitting
2023-04-03T09:35:53.500+02:00,0.8906097412109375,0.1246337890625,-1.0390472412109375,moving
2023-04-03T09:25:08.000+02:00,0.008819580078125,0.0236053466796875,0.9971923828125,sitting
2023-04-03T09:35:43.500+02:00,0.0023345947265625,0.343841552734375,0.7569580078125,moving
2023-04-03T09:25:48.000+02:00,0.0108184814453125,0.02374267578125,0.996734619140625,sitting
2023-04-03T09:35:45.500+02:00,-0.053070068359375,0.11669921875,1.1634521484375,moving
2023-04-03T09:36:51.000+02:00,-0.4768218994140625,0.1179351806640625,1.2689056396484375,moving
2023-04-03T09:25:59.000+02:00,0.0115509033203125,0.022552490234375,0.9974517822265624,sitting
2023-04-03T09:25:26.000+02:00,0.0117340087890625,0.0244293212890625,0.9960479736328124,sitting
2023-04-03T09:35:18.000+02:00,0.657196044921875,0.1885528564453125,1.02197265625,moving
2023-04-03T09:23:04.500+02:00,0.007110595703125,0.0231781005859375,0.9980926513671876,sitting
2023-04-03T09:25:04.500+02:00,0.0102996826171875,0.0228729248046875,0.9964141845703124,sitting
2023-04-03T09:23:11.000+02:00,0.0108489990234375,0.0230712890625,0.9959869384765624,sitting
2023-04-03T09:24:50.500+02:00,0.0104217529296875,0.0240936279296875,0.998260498046875,sitting
2023-04-03T09:37:22.500+02:00,0.76788330078125,0.2545318603515625,-0.8214263916015625,moving
2023-04-03T09:36:00.500+02:00,0.331390380859375,0.4162750244140625,0.4246063232421875,moving
2023-04-03T09:38:05.500+02:00,0.0185394287109375,0.0187530517578125,0.9982452392578124,moving
2023-04-03T09:35:16.000+02:00,-0.0444183349609375,-0.07806396484375,1.3321380615234375,moving
2023-04-03T09:37:11.500+02:00,0.605926513671875,-0.22625732421875,0.917724609375,moving
2023-04-03T09:24:41.500+02:00,0.0092620849609375,0.026336669921875,0.9979248046875,sitting
2023-04-03T09:37:12.500+02:00,-0.043304443359375,-0.35052490234375,1.14593505859375,moving
2023-04-03T09:23:46.500+02:00,0.00933837890625,0.023681640625,0.9977264404296876,sitting
2023-04-03T09:25:52.000+02:00,0.010040283203125,0.024169921875,0.9965972900390624,sitting
2023-04-03T09:25:51.000+02:00,0.011627197265625,0.0253143310546875,0.9975128173828124,sitting
2023-04-03T09:35:39.000+02:00,0.4644927978515625,0.5644683837890625,-0.1822357177734375,moving
2023-04-03T09:25:23.000+02:00,0.0109100341796875,0.02471923828125,0.9958343505859376,sitting
2023-04-03T09:24:32.000+02:00,0.0106201171875,0.0239105224609375,0.9971160888671876,sitting
2023-04-03T09:37:47.000+02:00,0.088409423828125,0.62255859375,-0.6004638671875,moving
2023-04-03T09:36:10.500+02:00,-0.07403564453125,-0.00103759765625,1.1034698486328125,moving
2023-04-03T09:24:16.500+02:00,0.0106964111328125,0.0234832763671875,0.9965362548828124,sitting
2023-04-03T09:23:37.500+02:00,0.0092315673828125,0.023193359375,0.9970703125,sitting
2023-04-03T09:35:15.000+02:00,0.276641845703125,0.1427459716796875,0.919769287109375,moving
2023-04-03T09:25:19.500+02:00,0.0115814208984375,0.022674560546875,0.9994659423828124,sitting
2023-04-03T09:23:34.000+02:00,0.010406494140625,0.0242919921875,0.9984130859375,sitting
2023-04-03T09:35:41.000+02:00,-0.5657501220703125,0.1385040283203125,1.139190673828125,moving
2023-04-03T09:24:34.000+02:00,0.01043701171875,0.0236053466796875,0.9981231689453124,sitting
2023-04-03T09:25:15.500+02:00,0.0099334716796875,0.02276611328125,0.9979705810546876,sitting
2023-04-03T09:24:58.000+02:00,0.0088043212890625,0.022247314453125,0.9964599609375,sitting
2023-04-03T09:23:44.000+02:00,0.008758544921875,0.0229644775390625,0.9964599609375,sitting
2023-04-03T09:37:16.000+02:00,-0.25177001953125,-0.24481201171875,1.4799652099609375,moving
2023-04-03T09:23:58.500+02:00,0.009735107421875,0.0239715576171875,0.9973602294921876,sitting
2023-04-03T09:24:02.500+02:00,0.008880615234375,0.0236663818359375,0.997955322265625,sitting
2023-04-03T09:37:06.000+02:00,0.53778076171875,0.38385009765625,0.771697998046875,moving
2023-04-03T09:25:25.500+02:00,0.0095367431640625,0.022308349609375,0.9963836669921876,sitting
2023-04-03T09:24:59.000+02:00,0.0113525390625,0.024078369140625,0.997894287109375,sitting
2023-04-03T09:23:00.000+02:00,0.009521484375,0.023834228515625,0.9986114501953124,sitting
2023-04-03T09:38:09.000+02:00,0.0199127197265625,0.0198822021484375,0.997344970703125,moving
2023-04-03T09:25:45.000+02:00,0.0121002197265625,0.0232696533203125,0.9975738525390624,sitting
2023-04-03T09:37:25.000+02:00,-0.26300048828125,0.6437530517578125,0.2911224365234375,moving
2023-04-03T09:35:20.500+02:00,0.145111083984375,0.0118560791015625,0.9262237548828124,moving
2023-04-03T09:25:20.000+02:00,0.0088043212890625,0.023712158203125,0.995880126953125,sitting
2023-04-03T09:36:50.500+02:00,0.6941680908203125,0.2860107421875,-0.808349609375,moving
2023-04-03T09:23:58.000+02:00,0.009552001953125,0.0239105224609375,0.9977264404296876,sitting
2023-04-03T09:24:54.000+02:00,0.0108642578125,0.0256805419921875,0.99755859375,sitting
2023-04-03T09:37:05.000+02:00,-0.9881591796875,0.3750152587890625,-0.350677490234375,moving
2023-04-03T09:36:49.000+02:00,0.3418731689453125,0.7642822265625,-0.5372161865234375,moving
2023-04-03T09:25:17.500+02:00,0.01092529296875,0.024139404296875,0.9975128173828124,sitting
2023-04-03T09:25:40.000+02:00,0.0112152099609375,0.024505615234375,0.996307373046875,sitting
2023-04-03T09:36:45.000+02:00,1.0228729248046875,0.2906951904296875,0.1606903076171875,moving
2023-04-03T09:24:12.000+02:00,0.0104827880859375,0.0241851806640625,0.99627685546875,sitting
2023-04-03T09:35:42.500+02:00,0.45556640625,0.584747314453125,0.270782470703125,moving
2023-04-03T09:38:12.500+02:00,0.019744873046875,0.0188446044921875,0.9990386962890624,moving
2023-04-03T09:37:37.000+02:00,0.4997406005859375,0.634979248046875,-0.175933837890625,moving
2023-04-03T09:36:32.000+02:00,-0.1110992431640625,0.073883056640625,1.19256591796875,moving
2023-04-03T09:25:14.000+02:00,0.010467529296875,0.024444580078125,0.9981842041015624,sitting
2023-04-03T09:36:23.500+02:00,-0.050628662109375,0.90972900390625,0.38812255859375,moving
2023-04-03T09:25:34.500+02:00,0.0096588134765625,0.023223876953125,0.9974365234375,sitting
2023-04-03T09:25:36.000+02:00,0.0115203857421875,0.0245513916015625,0.99755859375,sitting
2023-04-03T09:23:23.000+02:00,0.0091705322265625,0.0235137939453125,0.998870849609375,sitting
2023-04-03T09:25:10.500+02:00,0.0106048583984375,0.022796630859375,0.9972076416015624,sitting
2023-04-03T09:24:37.500+02:00,0.0112457275390625,0.024017333984375,0.9980316162109376,sitting
2023-04-03T09:38:13.000+02:00,0.017913818359375,0.0200042724609375,0.9972076416015624,moving
2023-04-03T09:37:12.000+02:00,0.901519775390625,0.3438262939453125,0.5924835205078125,moving
2023-04-03T09:23:53.500+02:00,0.009368896484375,0.02471923828125,0.9971923828125,sitting
2023-04-03T09:23:29.500+02:00,0.011260986328125,0.0229644775390625,0.99725341796875,sitting
2023-04-03T09:37:00.000+02:00,0.508636474609375,0.6067962646484375,-0.7081451416015625,moving
2023-04-03T09:35:09.500+02:00,0.177520751953125,0.163909912109375,0.926422119140625,moving
2023-04-03T09:23:50.000+02:00,0.009490966796875,0.023651123046875,0.9976806640625,sitting
2023-04-03T09:35:25.500+02:00,-0.0081939697265625,0.431854248046875,0.7805938720703125,moving
2023-04-03T09:37:33.500+02:00,-0.3124237060546875,0.0579833984375,1.0975799560546875,moving
2023-04-03T09:37:03.500+02:00,-0.052215576171875,-0.2760009765625,0.8707122802734375,moving
2023-04-03T09:37:38.000+02:00,0.8734893798828125,0.520843505859375,-0.32476806640625,moving
2023-04-03T09:24:29.500+02:00,0.01019287109375,0.02337646484375,0.9962921142578124,sitting
2023-04-03T09:25:33.000+02:00,0.0120849609375,0.024017333984375,0.9971466064453124,sitting
2023-04-03T09:35:05.000+02:00,0.14764404296875,0.382598876953125,0.6357269287109375,moving
2023-04-03T09:35:25.000+02:00,-0.980194091796875,0.629058837890625,-0.191162109375,moving
2023-04-03T09:37:59.000+02:00,-0.2962493896484375,0.1258544921875,1.4730377197265625,moving
2023-04-03T09:24:14.500+02:00,0.0096435546875,0.0236968994140625,0.998321533203125,sitting
2023-04-03T09:24:02.000+02:00,0.007781982421875,0.023681640625,0.9958038330078124,sitting
2023-04-03T09:36:55.000+02:00,-0.217315673828125,0.03826904296875,0.9975738525390624,moving
2023-04-03T09:37:23.500+02:00,-0.423736572265625,0.2500457763671875,1.11737060546875,moving
2023-04-03T09:24:32.500+02:00,0.01129150390625,0.0232086181640625,0.996917724609375,sitting
2023-04-03T09:36:07.500+02:00,0.3094635009765625,0.0713958740234375,1.3924102783203125,moving
2023-04-03T09:35:49.000+02:00,0.1211700439453125,0.469024658203125,0.612579345703125,moving
2023-04-03T09:38:02.500+02:00,0.0972747802734375,0.5440673828125,0.8051605224609375,moving
2023-04-03T09:38:08.000+02:00,0.0216827392578125,0.0203094482421875,0.9966888427734376,moving
2023-04-03T09:36:29.500+02:00,-0.5220947265625,0.2058563232421875,-1.097747802734375,moving
2023-04-03T09:25:41.500+02:00,0.0088653564453125,0.02374267578125,0.996795654296875,sitting
2023-04-03T09:25:57.500+02:00,0.0102386474609375,0.0245819091796875,0.99700927734375,sitting
2023-04-03T09:37:43.500+02:00,-0.104248046875,0.657073974609375,0.053802490234375,moving
2023-04-03T09:24:11.000+02:00,0.0098419189453125,0.0232696533203125,0.996978759765625,sitting
2023-04-03T09:35:53.000+02:00,0.547088623046875,0.518829345703125,0.1751861572265625,moving
2023-04-03T09:24:10.500+02:00,0.0078582763671875,0.02325439453125,0.998046875,sitting
2023-04-03T09:37:42.500+02:00,1.0858612060546875,0.8054962158203125,0.4712982177734375,moving
2023-04-03T09:25:41.000+02:00,0.008636474609375,0.024261474609375,0.9963226318359376,sitting
2023-04-03T09:23:09.500+02:00,0.008636474609375,0.023529052734375,0.996978759765625,sitting
2023-04-03T09:24:26.000+02:00,0.008636474609375,0.0243988037109375,0.9988250732421876,sitting
2023-04-03T09:37:03.000+02:00,0.64892578125,0.2689666748046875,0.9450531005859376,moving
2023-04-03T09:25:37.000+02:00,0.0084381103515625,0.023406982421875,0.9975738525390624,sitting
2023-04-03T09:37:46.500+02:00,0.3423614501953125,0.542327880859375,-0.9034881591796876,moving
2023-04-03T09:23:06.000+02:00,0.0101318359375,0.025146484375,0.996002197265625,sitting
2023-04-03T09:25:33.500+02:00,0.011260986328125,0.02386474609375,0.99835205078125,sitting
2023-04-03T09:25:58.000+02:00,0.0121307373046875,0.0240478515625,0.9985504150390624,sitting
2023-04-03T09:23:12.500+02:00,0.009765625,0.0237579345703125,0.9963226318359376,sitting
2023-04-03T09:36:38.000+02:00,0.975433349609375,0.017730712890625,-0.9901123046875,moving
2023-04-03T09:24:24.500+02:00,0.0088653564453125,0.02294921875,0.9982452392578124,sitting
2023-04-03T09:23:19.000+02:00,0.0091552734375,0.023712158203125,0.9959259033203124,sitting
2023-04-03T09:35:54.500+02:00,-0.3040924072265625,-0.048828125,1.1392669677734375,moving
2023-04-03T09:25:02.500+02:00,0.0098724365234375,0.0247802734375,0.998260498046875,sitting
2023-04-03T09:25:30.000+02:00,0.0107879638671875,0.023834228515625,0.99700927734375,sitting
2023-04-03T09:37:10.000+02:00,0.3446807861328125,0.3034515380859375,-0.8313140869140625,moving
2023-04-03T09:36:11.000+02:00,-0.1782073974609375,0.52069091796875,0.519989013671875,moving
2023-04-03T09:25:16.000+02:00,0.010650634765625,0.0244903564453125,0.9960174560546876,sitting
2023-04-03T09:36:44.500+02:00,-0.22137451171875,-0.1865234375,1.0228271484375,moving
2023-04-03T09:24:17.000+02:00,0.010101318359375,0.024200439453125,0.995269775390625,sitting
2023-04-03T09:24:03.000+02:00,0.0092315673828125,0.023345947265625,0.9979705810546876,sitting
2023-04-03T09:36:25.500+02:00,0.167449951171875,0.531524658203125,0.4487762451171875,moving
2023-04-03T09:25:51.500+02:00,0.0111541748046875,0.0234832763671875,0.9981536865234376,sitting
2023-04-03T09:25:24.500+02:00,0.010833740234375,0.0244903564453125,0.9977264404296876,sitting
2023-04-03T09:23:56.500+02:00,0.009307861328125,0.02276611328125,0.998260498046875,sitting
2023-04-03T09:37:42.000+02:00,-0.0401611328125,0.0806732177734375,1.2098541259765625,moving
2023-04-03T09:24:26.500+02:00,0.008331298828125,0.02435302734375,0.995849609375,sitting
2023-04-03T09:35:00.500+02:00,0.20184326171875,-0.3020172119140625,1.1069793701171875,moving
2023-04-03T09:36:25.000+02:00,-0.4857635498046875,-0.0297088623046875,1.236480712890625,moving
2023-04-03T09:23:28.500+02:00,0.0110015869140625,0.023284912109375,0.99700927734375,sitting
2023-04-03T09:36:28.500+02:00,-0.003387451171875,0.4253997802734375,0.5652313232421875,moving
2023-04-03T09:24:51.000+02:00,0.00970458984375,0.0233001708984375,0.9969482421875,sitting
2023-04-03T09:25:21.000+02:00,0.01007080078125,0.0248565673828125,0.998260498046875,sitting
2023-04-03T09:23:08.500+02:00,0.009246826171875,0.02520751953125,0.9985809326171876,sitting
2023-04-03T09:35:55.500+02:00,0.443084716796875,0.331207275390625,1.025299072265625,moving
2023-04-03T09:25:42.000+02:00,0.01226806640625,0.0242919921875,0.99737548828125,sitting
2023-04-03T09:25:07.500+02:00,0.0106201171875,0.0223541259765625,0.9976806640625,sitting
2023-04-03T09:36:01.500+02:00,0.1752471923828125,0.5816497802734375,-0.05560302734375,moving
2023-04-03T09:36:58.500+02:00,0.1104888916015625,0.43524169921875,0.9954833984375,moving
2023-04-03T09:37:58.000+02:00,-0.035430908203125,0.4401092529296875,-0.84429931640625,moving
2023-04-03T09:24:35.000+02:00,0.0103912353515625,0.023651123046875,0.9976654052734376,sitting
2023-04-03T09:36:14.000+02:00,0.3691253662109375,0.55670166015625,0.055694580078125,moving
2023-04-03T09:37:29.500+02:00,0.1942901611328125,0.24017333984375,0.980133056640625,moving
2023-04-03T09:35:36.500+02:00,0.9079132080078124,0.43133544921875,-0.108612060546875,moving
2023-04-03T09:23:47.000+02:00,0.0107879638671875,0.0240631103515625,0.9962310791015624,sitting
2023-04-03T09:24:30.000+02:00,0.0080108642578125,0.0225067138671875,0.998443603515625,sitting
2023-04-03T09:25:31.500+02:00,0.009857177734375,0.0242767333984375,0.996978759765625,sitting
2023-04-03T09:37:28.500+02:00,0.1073455810546875,0.017364501953125,1.27752685546875,moving
2023-04-03T09:36:34.500+02:00,0.8173828125,-0.2362060546875,-1.001708984375,moving
2023-04-03T09:36:20.500+02:00,0.40899658203125,0.9141998291015624,0.095367431640625,moving
2023-04-03T09:36:19.000+02:00,0.337738037109375,0.672637939453125,0.6669769287109375,moving
2023-04-03T09:37:29.000+02:00,1.2167816162109375,0.631927490234375,0.3933868408203125,moving
2023-04-03T09:36:08.000+02:00,0.8826904296875,0.2650909423828125,0.0697479248046875,moving
2023-04-03T09:23:02.500+02:00,0.0106048583984375,0.0242156982421875,0.998199462890625,sitting
2023-04-03T09:38:06.000+02:00,0.019866943359375,0.019805908203125,0.9974822998046876,moving
2023-04-03T09:23:22.500+02:00,0.0100555419921875,0.0217742919921875,0.997344970703125,sitting
2023-04-03T09:38:09.500+02:00,0.0183868408203125,0.019287109375,0.9967193603515624,moving
2023-04-03T09:37:39.500+02:00,0.229034423828125,0.3507537841796875,0.8685302734375,moving
2023-04-03T09:24:25.500+02:00,0.0098724365234375,0.025146484375,0.9963226318359376,sitting
2023-04-03T09:23:08.000+02:00,0.0102996826171875,0.023529052734375,0.9964447021484376,sitting
2023-04-03T09:23:24.000+02:00,0.007659912109375,0.0237274169921875,0.9971771240234376,sitting
2023-04-03T09:38:01.000+02:00,0.1666259765625,0.421875,0.6103668212890625,moving
2023-04-03T09:37:41.000+02:00,-0.336334228515625,0.7962493896484375,-0.24591064453125,moving
2023-04-03T09:23:01.500+02:00,0.01068115234375,0.0235748291015625,0.9981536865234376,sitting
2023-04-03T09:36:28.000+02:00,1.1135406494140625,-0.012603759765625,-0.867889404296875,moving
2023-04-03T09:37:36.500+02:00,-0.0184173583984375,0.334564208984375,0.9023284912109376,moving
2023-04-03T09:25:39.000+02:00,0.0109100341796875,0.0236968994140625,0.996490478515625,sitting
2023-04-03T09:37:43.000+02:00,-0.16094970703125,-0.0586700439453125,1.0780181884765625,moving
2023-04-03T09:25:22.500+02:00,0.01068115234375,0.02508544921875,0.9958038330078124,sitting
2023-04-03T09:23:48.000+02:00,0.009521484375,0.023895263671875,0.9974212646484376,sitting
2023-04-03T09:25:23.500+02:00,0.0093841552734375,0.0242919921875,0.997406005859375,sitting
2023-04-03T09:35:59.500+02:00,0.1314544677734375,0.6670074462890625,0.0021514892578125,moving
2023-04-03T09:24:52.500+02:00,0.010162353515625,0.0251007080078125,0.9963836669921876,sitting
2023-04-03T09:23:13.000+02:00,0.013031005859375,0.0232086181640625,0.9967803955078124,sitting
2023-04-03T09:36:53.000+02:00,0.09527587890625,-0.0452117919921875,1.0806884765625,moving
2023-04-03T09:25:11.500+02:00,0.0106048583984375,0.0241851806640625,0.9979400634765624,sitting
2023-04-03T09:35:39.500+02:00,-0.1954345703125,-0.059326171875,1.2070465087890625,moving
2023-04-03T09:23:25.000+02:00,0.0087432861328125,0.0246734619140625,0.996124267578125,sitting
2023-04-03T09:35:03.000+02:00,-0.0942535400390625,0.62091064453125,0.482757568359375,moving
2023-04-03T09:24:54.500+02:00,0.0093536376953125,0.0251007080078125,0.9966888427734376,sitting
2023-04-03T09:23:18.500+02:00,0.0086822509765625,0.023284912109375,0.99700927734375,sitting
2023-04-03T09:24:18.500+02:00,0.00982666015625,0.0248565673828125,0.9965972900390624,sitting
2023-04-03T09:24:58.500+02:00,0.0085906982421875,0.0238494873046875,0.9958343505859376,sitting
2023-04-03T09:37:58.500+02:00,0.63067626953125,0.064178466796875,-1.1784210205078125,moving
2023-04-03T09:35:08.000+02:00,-0.1081695556640625,0.69757080078125,0.4145660400390625,moving
2023-04-03T09:35:06.000+02:00,-0.27410888671875,0.46539306640625,0.54449462890625,moving
2023-04-03T09:35:42.000+02:00,0.020904541015625,0.5238189697265625,0.680023193359375,moving
2023-04-03T09:37:59.500+02:00,0.6616973876953125,0.43426513671875,-0.0390472412109375,moving
2023-04-03T09:24:27.500+02:00,0.0103759765625,0.0230255126953125,0.9972076416015624,sitting
2023-04-03T09:37:16.500+02:00,0.2913970947265625,0.4075469970703125,0.44024658203125,moving
2023-04-03T09:24:03.500+02:00,0.010711669921875,0.024658203125,0.9980316162109376,sitting
2023-04-03T09:36:35.500+02:00,-0.316925048828125,0.1728057861328125,0.8867950439453125,moving
2023-04-03T09:24:37.000+02:00,0.0097198486328125,0.0225982666015625,0.996917724609375,sitting
2023-04-03T09:37:17.500+02:00,0.31768798828125,0.469696044921875,0.19244384765625,moving
2023-04-03T09:37:21.500+02:00,-0.265716552734375,0.6364288330078125,0.3628692626953125,moving
2023-04-03T09:36:06.000+02:00,-0.0786895751953125,0.51953125,0.4709625244140625,moving
2023-04-03T09:36:17.000+02:00,-0.85089111328125,0.2403411865234375,-0.8891143798828125,moving
2023-04-03T09:36:22.000+02:00,0.151947021484375,0.942962646484375,0.247100830078125,moving
2023-04-03T09:38:00.500+02:00,-0.1658172607421875,0.2419281005859375,0.5839996337890625,moving
2023-04-03T09:37:10.500+02:00,0.595123291015625,0.4431304931640625,-0.8298797607421875,moving
2023-04-03T09:37:20.500+02:00,0.050140380859375,0.6527252197265625,-0.5321044921875,moving
2023-04-03T09:23:33.500+02:00,0.007171630859375,0.023468017578125,0.9957275390625,sitting
2023-04-03T09:37:55.000+02:00,0.6424560546875,0.3369598388671875,-0.91845703125,moving
2023-04-03T09:24:24.000+02:00,0.0092315673828125,0.0244598388671875,0.9971771240234376,sitting
2023-04-03T09:35:43.000+02:00,-0.04229736328125,0.467803955078125,-1.19854736328125,moving
2023-04-03T09:36:18.000+02:00,-0.10479736328125,0.007110595703125,1.123565673828125,moving
2023-04-03T09:24:21.000+02:00,0.009368896484375,0.0232391357421875,0.9958343505859376,sitting
2023-04-03T09:25:35.500+02:00,0.0105438232421875,0.02459716796875,0.9989471435546876,sitting
2023-04-03T09:24:36.500+02:00,0.00927734375,0.0243072509765625,0.997314453125,sitting
2023-04-03T09:36:26.500+02:00,0.429412841796875,0.663970947265625,-0.0787200927734375,moving
2023-04-03T09:35:03.500+02:00,0.3167572021484375,-0.14892578125,1.0642242431640625,moving
2023-04-03T09:35:12.500+02:00,0.4249420166015625,0.03515625,0.96478271484375,moving
2023-04-03T09:37:36.000+02:00,-0.1734466552734375,0.6671142578125,0.43634033203125,moving
2023-04-03T09:36:30.000+02:00,-0.422271728515625,0.4497833251953125,-0.7265472412109375,moving
2023-04-03T09:24:16.000+02:00,0.0092620849609375,0.02325439453125,0.9980316162109376,sitting
2023-04-03T09:36:18.500+02:00,0.5693817138671875,0.5126953125,0.7003326416015625,moving
2023-04-03T09:36:26.000+02:00,0.9821929931640624,-0.1065826416015625,-1.1580352783203125,moving
2023-04-03T09:23:55.500+02:00,0.010009765625,0.022125244140625,0.9971923828125,sitting
2023-04-03T09:24:53.000+02:00,0.00811767578125,0.023345947265625,0.9961700439453124,sitting
2023-04-03T09:36:21.500+02:00,-0.11260986328125,0.93450927734375,0.31512451171875,moving
2023-04-03T09:36:58.000+02:00,-0.55023193359375,0.6923065185546875,-0.1847076416015625,moving
2023-04-03T09:23:51.500+02:00,0.0094146728515625,0.0240325927734375,0.9974212646484376,sitting
2023-04-03T09:35:31.500+02:00,0.65277099609375,0.0035552978515625,-1.1614990234375,moving
2023-04-03T09:35:30.500+02:00,0.1954193115234375,0.2429962158203125,1.1288909912109375,moving
2023-04-03T09:36:51.500+02:00,-0.0994720458984375,0.070343017578125,0.938995361328125,moving
2023-04-03T09:36:46.000+02:00,-0.28045654296875,-0.2855377197265625,1.201934814453125,moving
2023-04-03T09:23:37.000+02:00,0.009735107421875,0.0234527587890625,0.99822998046875,sitting
2023-04-03T09:23:57.500+02:00,0.008880615234375,0.0239715576171875,0.996429443359375,sitting
2023-04-03T09:35:24.500+02:00,-0.035186767578125,0.472808837890625,0.562408447265625,moving
2023-04-03T09:38:00.000+02:00,0.305877685546875,0.028106689453125,-1.2803497314453125,moving
2023-04-03T09:23:59.500+02:00,0.0095672607421875,0.0231475830078125,0.997467041015625,sitting
2023-04-03T09:23:26.500+02:00,0.0093994140625,0.0230865478515625,0.9972686767578124,sitting
2023-04-03T09:24:15.500+02:00,0.00909423828125,0.02386474609375,0.9991607666015624,sitting
2023-04-03T09:35:22.500+02:00,-0.777740478515625,0.674652099609375,-0.1994781494140625,moving
2023-04-03T09:37:54.000+02:00,-0.282135009765625,-0.0426025390625,1.0371856689453125,moving
2023-04-03T09:24:43.500+02:00,0.0082855224609375,0.0240020751953125,0.994720458984375,sitting
2023-04-03T09:37:14.000+02:00,0.25836181640625,0.585662841796875,0.0610198974609375,moving
2023-04-03T09:37:07.500+02:00,0.08428955078125,0.1750640869140625,1.096649169921875,moving
2023-04-03T09:23:04.000+02:00,0.008209228515625,0.02459716796875,0.9965057373046876,sitting
2023-04-03T09:37:02.000+02:00,-0.04644775390625,0.3790283203125,0.4521484375,moving
2023-04-03T09:23:18.000+02:00,0.01055908203125,0.0241241455078125,0.9970855712890624,sitting
2023-04-03T09:35:47.000+02:00,-0.0416259765625,0.067230224609375,1.4355621337890625,moving
2023-04-03T09:25:06.500+02:00,0.010040283203125,0.023681640625,0.9975128173828124,sitting
2023-04-03T09:25:32.500+02:00,0.0111541748046875,0.0241546630859375,0.9969940185546876,sitting
2023-04-03T09:37:52.500+02:00,-0.023956298828125,0.3409576416015625,0.739776611328125,moving
2023-04-03T09:36:29.000+02:00,-0.1380462646484375,0.1802825927734375,1.257659912109375,moving
2023-04-03T09:36:33.000+02:00,0.494384765625,0.4951934814453125,-0.6441802978515625,moving
2023-04-03T09:25:11.000+02:00,0.0100555419921875,0.023651123046875,0.9976959228515624,sitting
2023-04-03T09:25:29.500+02:00,0.0118560791015625,0.023956298828125,0.997833251953125,sitting
2023-04-03T09:35:28.000+02:00,0.4195098876953125,0.031341552734375,-1.2360687255859375,moving
2023-04-03T09:24:15.000+02:00,0.0106658935546875,0.0234222412109375,0.9970855712890624,sitting
2023-04-03T09:36:56.000+02:00,0.631744384765625,0.131500244140625,0.378570556640625,moving
2023-04-03T09:37:31.000+02:00,0.3885955810546875,0.4896697998046875,-1.040191650390625,moving
2023-04-03T09:36:05.000+02:00,1.22393798828125,0.1877899169921875,0.1788177490234375,moving
2023-04-03T09:24:13.500+02:00,0.0098114013671875,0.0242462158203125,0.996063232421875,sitting
2023-04-03T09:24:13.000+02:00,0.0086212158203125,0.023406982421875,0.9978485107421876,sitting
2023-04-03T09:36:33.500+02:00,-0.263671875,-0.1043548583984375,1.4187774658203125,moving
2023-04-03T09:37:45.000+02:00,0.033966064453125,0.03839111328125,0.875091552734375,moving
2023-04-03T09:36:40.000+02:00,0.3653564453125,-0.0029296875,1.358551025390625,moving
2023-04-03T09:25:55.000+02:00,0.011260986328125,0.0241851806640625,0.998138427734375,sitting
2023-04-03T09:35:52.500+02:00,-0.0885467529296875,0.007659912109375,1.16851806640625,moving
2023-04-03T09:25:43.500+02:00,0.0109710693359375,0.0237884521484375,0.9969329833984376,sitting
2023-04-03T09:24:33.000+02:00,0.01116943359375,0.0246124267578125,0.9976043701171876,sitting
2023-04-03T09:24:01.500+02:00,0.0099945068359375,0.0224456787109375,0.9965667724609376,sitting
2023-04-03T09:37:17.000+02:00,0.9885101318359376,0.137359619140625,-1.00469970703125,moving
2023-04-03T09:24:11.500+02:00,0.00958251953125,0.023651123046875,0.9971923828125,sitting
2023-04-03T09:37:55.500+02:00,-0.44488525390625,0.271820068359375,1.0440673828125,moving
2023-04-03T09:24:38.500+02:00,0.0102081298828125,0.0242462158203125,0.99664306640625,sitting
2023-04-03T09:25:20.500+02:00,0.0093841552734375,0.0234527587890625,0.9973297119140624,sitting
2023-04-03T09:25:27.500+02:00,0.01226806640625,0.0232391357421875,0.99688720703125,sitting
2023-04-03T09:35:21.000+02:00,0.586517333984375,0.18072509765625,0.9391937255859376,moving
2023-04-03T09:24:01.000+02:00,0.0086669921875,0.0234527587890625,0.995513916015625,sitting
2023-04-03T09:24:31.500+02:00,0.008941650390625,0.0237274169921875,0.9980621337890624,sitting
2023-04-03T09:24:41.000+02:00,0.010040283203125,0.0252685546875,0.9968719482421876,sitting
2023-04-03T09:35:40.000+02:00,0.9351348876953124,0.458648681640625,-0.27874755859375,moving
2023-04-03T09:25:03.000+02:00,0.008514404296875,0.0243377685546875,0.9966888427734376,sitting
2023-04-03T09:35:28.500+02:00,-0.0191497802734375,0.4716949462890625,1.195098876953125,moving
2023-04-03T09:37:30.500+02:00,0.1908721923828125,0.5848846435546875,-0.22222900390625,moving
2023-04-03T09:24:04.500+02:00,0.0094757080078125,0.0236053466796875,0.996002197265625,sitting
2023-04-03T09:35:22.000+02:00,-0.5818939208984375,0.6456298828125,0.082489013671875,moving
2023-04-03T09:36:54.000+02:00,-1.127349853515625,0.10546875,-0.5554656982421875,moving
2023-04-03T09:36:50.000+02:00,0.73016357421875,0.084625244140625,-0.77655029296875,moving
2023-04-03T09:24:49.500+02:00,0.00970458984375,0.0249176025390625,0.997222900390625,sitting
2023-04-03T09:37:38.500+02:00,0.8246002197265625,0.4914703369140625,-0.4406280517578125,moving
2023-04-03T09:37:37.500+02:00,-0.2591400146484375,0.37908935546875,1.0540618896484375,moving
2023-04-03T09:37:40.000+02:00,0.37652587890625,0.426116943359375,0.7825164794921875,moving
2023-04-03T09:36:59.500+02:00,1.101226806640625,-0.1174468994140625,-0.600128173828125,moving
2023-04-03T09:35:14.000+02:00,-0.3708648681640625,0.765777587890625,0.0963134765625,moving
2023-04-03T09:38:01.500+02:00,-0.0025482177734375,-0.1350250244140625,-1.499969482421875,moving
2023-04-03T09:36:15.500+02:00,-0.016021728515625,-0.1108856201171875,1.0889129638671875,moving
2023-04-03T09:25:13.500+02:00,0.009674072265625,0.023681640625,0.9983367919921876,sitting
2023-04-03T09:37:06.500+02:00,0.9946441650390624,-0.007781982421875,-1.044525146484375,moving
2023-04-03T09:35:41.500+02:00,-0.6720428466796875,0.634552001953125,-0.735565185546875,moving
2023-04-03T09:36:09.000+02:00,-0.4170989990234375,0.811798095703125,-0.273773193359375,moving
2023-04-03T09:23:56.000+02:00,0.0093994140625,0.023773193359375,0.997039794921875,sitting
2023-04-03T09:24:56.000+02:00,0.0123138427734375,0.02325439453125,0.997222900390625,sitting
2023-04-03T09:37:49.500+02:00,0.3482666015625,0.14129638671875,-0.9209747314453124,moving
2023-04-03T09:35:07.500+02:00,0.336669921875,-0.2442474365234375,1.02069091796875,moving
2023-04-03T09:24:56.500+02:00,0.0087890625,0.023345947265625,0.9983978271484376,sitting
2023-04-03T09:36:54.500+02:00,-0.2058563232421875,0.6342926025390625,0.46246337890625,moving
2023-04-03T09:25:39.500+02:00,0.009979248046875,0.0234222412109375,0.99639892578125,sitting
2023-04-03T09:35:26.000+02:00,-0.0089569091796875,-0.1346893310546875,1.001953125,moving
2023-04-03T09:37:33.000+02:00,1.194610595703125,0.4593963623046875,-0.6060943603515625,moving
2023-04-03T09:35:00.000+02:00,-0.2708892822265625,0.6426544189453125,0.4385833740234375,moving
2023-04-03T09:25:09.000+02:00,0.010223388671875,0.024139404296875,0.9967041015625,sitting
2023-04-03T09:25:22.000+02:00,0.0109100341796875,0.02374267578125,0.9989013671875,sitting
2023-04-03T09:35:09.000+02:00,0.050140380859375,0.355743408203125,0.93017578125,moving
2023-04-03T09:35:13.000+02:00,-0.1733856201171875,-0.1009368896484375,1.0057525634765625,moving
2023-04-03T09:24:52.000+02:00,0.009124755859375,0.02398681640625,0.9976043701171876,sitting
2023-04-03T09:37:53.500+02:00,-0.245574951171875,0.3629913330078125,0.3618316650390625,moving
2023-04-03T09:37:04.500+02:00,-0.661407470703125,0.5886383056640625,-0.3860015869140625,moving
2023-04-03T09:35:57.000+02:00,0.918060302734375,-0.2014007568359375,-1.19854736328125,moving
2023-04-03T09:25:54.500+02:00,0.011627197265625,0.02435302734375,0.9971160888671876,sitting
2023-04-03T09:36:13.500+02:00,0.761322021484375,0.1043853759765625,-1.2158355712890625,moving
2023-04-03T09:38:07.500+02:00,0.018402099609375,0.0188446044921875,0.9978179931640624,moving
2023-04-03T09:37:53.000+02:00,-0.0814056396484375,0.3037567138671875,-1.6516876220703125,moving
2023-04-03T09:37:35.500+02:00,0.300048828125,0.7570648193359375,0.766845703125,moving
2023-04-03T09:37:18.000+02:00,-0.194305419921875,0.0068511962890625,1.1335906982421875,moving
2023-04-03T09:37:14.500+02:00,-0.1194000244140625,-0.0026702880859375,1.2328948974609375,moving
2023-04-03T09:36:39.000+02:00,-0.5699615478515625,0.0463409423828125,1.0514373779296875,moving
2023-04-03T09:36:49.500+02:00,-0.2889251708984375,0.528656005859375,1.00103759765625,moving
2023-04-03T09:23:42.500+02:00,0.0087738037109375,0.0233306884765625,0.998199462890625,sitting
2023-04-03T09:25:01.000+02:00,0.00958251953125,0.024200439453125,0.9957427978515624,sitting
2023-04-03T09:24:19.500+02:00,0.0090179443359375,0.0235748291015625,0.9974212646484376,sitting
2023-04-03T09:36:23.000+02:00,0.2033843994140625,0.9662628173828124,0.2581939697265625,moving
2023-04-03T09:23:17.500+02:00,0.00982666015625,0.0240936279296875,0.997222900390625,sitting
2023-04-03T09:36:31.000+02:00,0.589080810546875,0.05609130859375,0.9264984130859376,moving
2023-04-03T09:24:25.000+02:00,0.00927734375,0.023590087890625,0.9971160888671876,sitting
2023-04-03T09:37:19.000+02:00,0.951934814453125,0.1282501220703125,-0.84454345703125,moving
2023-04-03T09:37:15.000+02:00,0.2169036865234375,0.285186767578125,-0.8032989501953125,moving
2023-04-03T09:37:50.000+02:00,0.5525665283203125,0.51458740234375,-0.764495849609375,moving
2023-04-03T09:23:47.500+02:00,0.009124755859375,0.024505615234375,0.997222900390625,sitting
2023-04-03T09:36:42.500+02:00,-0.3889923095703125,-0.108306884765625,1.2254638671875,moving
2023-04-03T09:25:00.000+02:00,0.0084075927734375,0.0232696533203125,0.9970245361328124,sitting
2023-04-03T09:36:48.000+02:00,-0.0204620361328125,-0.12054443359375,0.9704742431640624,moving
2023-04-03T09:35:51.000+02:00,0.1762847900390625,0.82196044921875,0.448394775390625,moving
2023-04-03T09:36:37.500+02:00,-0.205322265625,0.2535552978515625,0.8742828369140625,moving
2023-04-03T09:37:27.000+02:00,-0.2998199462890625,0.15478515625,0.867919921875,moving
2023-04-03T09:24:43.000+02:00,0.009979248046875,0.024139404296875,0.99737548828125,sitting
2023-04-03T09:35:17.000+02:00,-0.4452056884765625,0.6874542236328125,0.1168060302734375,moving
2023-04-03T09:35:19.500+02:00,-0.992889404296875,0.6970062255859375,-0.208221435546875,moving
2023-04-03T09:37:15.500+02:00,0.5617523193359375,0.5395660400390625,-0.7738037109375,moving
2023-04-03T09:24:48.500+02:00,0.010101318359375,0.0231475830078125,0.9970703125,sitting
2023-04-03T09:23:02.000+02:00,0.0099029541015625,0.02557373046875,0.9972076416015624,sitting
2023-04-03T09:38:05.000+02:00,0.0211944580078125,0.0193023681640625,0.9984588623046876,moving
2023-04-03T09:37:07.000+02:00,0.3532257080078125,0.65972900390625,-0.0195770263671875,moving
2023-04-03T09:36:34.000+02:00,0.22900390625,0.282135009765625,-0.4716033935546875,moving
2023-04-03T09:23:49.000+02:00,0.0110015869140625,0.0247955322265625,0.998046875,sitting
2023-04-03T09:36:47.500+02:00,-0.080902099609375,0.0951080322265625,1.228515625,moving
2023-04-03T09:35:24.000+02:00,-0.0704193115234375,-0.1342315673828125,0.9463348388671876,moving
2023-04-03T09:36:12.000+02:00,0.533660888671875,0.4664764404296875,-0.655670166015625,moving
2023-04-03T09:23:23.500+02:00,0.0076904296875,0.024322509765625,0.9969940185546876,sitting
2023-04-03T09:23:16.000+02:00,0.0086822509765625,0.0247650146484375,0.9976043701171876,sitting
2023-04-03T09:24:40.000+02:00,0.01068115234375,0.0243682861328125,0.9964599609375,sitting
2023-04-03T09:24:07.000+02:00,0.0072021484375,0.02374267578125,0.9981689453125,sitting
2023-04-03T09:23:13.500+02:00,0.0119781494140625,0.02337646484375,0.99822998046875,sitting
2023-04-03T09:37:28.000+02:00,-0.3903961181640625,0.8191375732421875,0.1041412353515625,moving
2023-04-03T09:24:55.000+02:00,0.0091552734375,0.023773193359375,0.99755859375,sitting
2023-04-03T09:36:05.500+02:00,0.1942291259765625,-0.3464813232421875,1.0232391357421875,moving
2023-04-03T09:35:10.000+02:00,0.2819366455078125,0.085906982421875,0.930419921875,moving
2023-04-03T09:25:25.000+02:00,0.0103912353515625,0.023651123046875,0.9980010986328124,sitting
2023-04-03T09:35:30.000+02:00,0.36199951171875,0.5733184814453125,0.0319366455078125,moving
2023-04-03T09:35:16.500+02:00,-0.43157958984375,0.899993896484375,-0.1026458740234375,moving
2023-04-03T09:36:57.000+02:00,-0.2014923095703125,0.6095428466796875,0.460296630859375,moving
2023-04-03T09:36:10.000+02:00,0.409027099609375,0.442779541015625,0.92608642578125,moving
2023-04-03T09:24:09.000+02:00,0.01043701171875,0.0238494873046875,0.998779296875,sitting
2023-04-03T09:23:31.000+02:00,0.007781982421875,0.0236968994140625,0.99822998046875,sitting
2023-04-03T09:35:56.500+02:00,0.083740234375,0.6689910888671875,0.1103515625,moving
2023-04-03T09:37:24.500+02:00,-0.445587158203125,0.421051025390625,-1.1025390625,moving
2023-04-03T09:24:04.000+02:00,0.0110321044921875,0.0225982666015625,0.997314453125,sitting
2023-04-03T09:38:03.000+02:00,0.4734649658203125,0.1772613525390625,1.0172271728515625,moving
2023-04-03T09:36:21.000+02:00,0.0045928955078125,0.91973876953125,0.3110198974609375,moving
2023-04-03T09:23:32.000+02:00,0.0101470947265625,0.023529052734375,0.99853515625,sitting
2023-04-03T09:23:07.000+02:00,0.0097808837890625,0.0239105224609375,0.9970245361328124,sitting
2023-04-03T09:24:18.000+02:00,0.0095672607421875,0.023834228515625,0.9976806640625,sitting
2023-04-03T09:23:20.000+02:00,0.0091400146484375,0.0243072509765625,0.99755859375,sitting
2023-04-03T09:36:07.000+02:00,-0.2991943359375,0.691558837890625,-0.40057373046875,moving
2023-04-03T09:35:10.500+02:00,0.11517333984375,0.504180908203125,0.6654052734375,moving
2023-04-03T09:24:33.500+02:00,0.0109405517578125,0.0231170654296875,0.997039794921875,sitting
2023-04-03T09:24:48.000+02:00,0.011383056640625,0.024200439453125,0.99700927734375,sitting
2023-04-03T09:23:26.000+02:00,0.0079345703125,0.0244903564453125,0.99676513671875,sitting
2023-04-03T09:25:49.500+02:00,0.0095977783203125,0.0240325927734375,0.9964141845703124,sitting
2023-04-03T09:25:28.500+02:00,0.010589599609375,0.0255889892578125,0.996551513671875,sitting
2023-04-03T09:25:05.500+02:00,0.0113677978515625,0.023040771484375,0.99517822265625,sitting
2023-04-03T09:35:51.500+02:00,0.863067626953125,0.01739501953125,-1.25244140625,moving
2023-04-03T09:35:48.500+02:00,0.217041015625,0.3541259765625,0.6610870361328125,moving
2023-04-03T09:38:12.000+02:00,0.02056884765625,0.01922607421875,0.997650146484375,moving
2023-04-03T09:25:14.500+02:00,0.010986328125,0.0241241455078125,0.9970245361328124,sitting
2023-04-03T09:24:40.500+02:00,0.0092926025390625,0.0225982666015625,0.9972381591796876,sitting
2023-04-03T09:24:20.500+02:00,0.0085296630859375,0.022369384765625,0.996337890625,sitting
2023-04-03T09:36:38.500+02:00,0.8956451416015625,0.1018829345703125,-0.67724609375,moving
2023-04-03T09:35:21.500+02:00,0.209075927734375,-0.3048553466796875,1.30230712890625,moving
2023-04-03T09:35:59.000+02:00,0.206024169921875,0.0885467529296875,-1.3065032958984375,moving
2023-04-03T09:23:52.500+02:00,0.0096282958984375,0.024658203125,0.9971923828125,sitting
2023-04-03T09:36:43.500+02:00,0.224334716796875,0.312286376953125,-1.232269287109375,moving
2023-04-03T09:35:15.500+02:00,0.2542572021484375,0.1170654296875,0.93280029296875,moving
2023-04-03T09:23:00.500+02:00,0.0081939697265625,0.0230560302734375,0.9975128173828124,sitting
2023-04-03T09:37:47.500+02:00,-0.36639404296875,-0.0860443115234375,1.2301483154296875,moving
2023-04-03T09:36:41.500+02:00,-0.568359375,0.129302978515625,-1.0965576171875,moving
2023-04-03T09:23:40.000+02:00,0.0092926025390625,0.0227508544921875,0.99822998046875,sitting
2023-04-03T09:24:42.500+02:00,0.0116729736328125,0.0244293212890625,0.997039794921875,sitting
2023-04-03T09:23:17.000+02:00,0.008880615234375,0.0239715576171875,0.9985198974609376,sitting
2023-04-03T09:36:15.000+02:00,-0.0135040283203125,-0.2546844482421875,1.19482421875,moving
2023-04-03T09:35:34.500+02:00,0.1285247802734375,0.4274749755859375,0.709869384765625,moving
2023-04-03T09:35:48.000+02:00,0.4730987548828125,0.257598876953125,-1.5211639404296875,moving
2023-04-03T09:35:04.000+02:00,0.71820068359375,0.245361328125,0.784210205078125,moving
2023-04-03T09:23:45.500+02:00,0.0109405517578125,0.0228118896484375,0.99560546875,sitting
2023-04-03T09:25:50.500+02:00,0.0114593505859375,0.0225830078125,0.9973297119140624,sitting
2023-04-03T09:36:43.000+02:00,0.6032257080078125,0.5334625244140625,0.4229583740234375,moving
2023-04-03T09:25:53.500+02:00,0.0127410888671875,0.0237274169921875,0.997772216796875,sitting
2023-04-03T09:25:00.500+02:00,0.0108795166015625,0.0236968994140625,0.99884033203125,sitting
2023-04-03T09:23:06.500+02:00,0.00885009765625,0.0243377685546875,0.99932861328125,sitting
2023-04-03T09:25:38.500+02:00,0.0125274658203125,0.0242767333984375,0.996673583984375,sitting
2023-04-03T09:37:01.000+02:00,0.81072998046875,0.3950042724609375,0.33746337890625,moving
2023-04-03T09:35:14.500+02:00,-0.2680816650390625,0.0125885009765625,0.92730712890625,moving
2023-04-03T09:25:16.500+02:00,0.010345458984375,0.0242919921875,0.9960784912109376,sitting
2023-04-03T09:24:23.000+02:00,0.00958251953125,0.021636962890625,0.9972991943359376,sitting
2023-04-03T09:38:10.000+02:00,0.020416259765625,0.019439697265625,0.996826171875,moving
2023-04-03T09:37:24.000+02:00,-0.0879669189453125,0.8498687744140625,0.13604736328125,moving
2023-04-03T09:36:03.000+02:00,0.6761932373046875,-0.1424102783203125,-1.248565673828125,moving
2023-04-03T09:38:04.500+02:00,0.02703857421875,0.0182037353515625,0.99658203125,moving
2023-04-03T09:36:13.000+02:00,0.3824310302734375,0.419647216796875,0.6344451904296875,moving
2023-04-03T09:25:01.500+02:00,0.0090789794921875,0.02410888671875,0.996063232421875,sitting
2023-04-03T09:36:44.000+02:00,0.0427398681640625,0.682861328125,0.037078857421875,moving
2023-04-03T09:36:42.000+02:00,-0.2173919677734375,0.6021270751953125,-0.629730224609375,moving
2023-04-03T09:37:44.000+02:00,0.138275146484375,0.2530364990234375,-1.2459716796875,moving
2023-04-03T09:24:34.500+02:00,0.0091705322265625,0.02239990234375,0.9963836669921876,sitting
2023-04-03T09:37:50.500+02:00,-0.583587646484375,-0.1098175048828125,1.2891082763671875,moving
2023-04-03T09:35:58.500+02:00,0.5475006103515625,0.6925811767578125,0.02679443359375,moving
2023-04-03T09:37:41.500+02:00,-0.4028472900390625,0.80914306640625,-0.227020263671875,moving
2023-04-03T09:36:16.000+02:00,0.3766632080078125,-0.1909942626953125,1.26922607421875,moving
2023-04-03T09:23:29.000+02:00,0.010772705078125,0.0239410400390625,0.9984283447265624,sitting
2023-04-03T09:35:58.000+02:00,-0.17559814453125,-0.1334686279296875,1.174102783203125,moving
2023-04-03T09:36:41.000+02:00,-0.0842742919921875,0.611328125,0.3832550048828125,moving
2023-04-03T09:25:06.000+02:00,0.0108489990234375,0.025299072265625,0.9968414306640624,sitting
2023-04-03T09:23:10.500+02:00,0.0104827880859375,0.0241851806640625,0.9969635009765624,sitting
2023-04-03T09:25:37.500+02:00,0.01171875,0.023529052734375,0.9957122802734376,sitting
2023-04-03T09:35:50.500+02:00,0.379364013671875,0.12255859375,1.2168426513671875,moving
2023-04-03T09:24:20.000+02:00,0.0105743408203125,0.0243072509765625,0.997344970703125,sitting
2023-04-03T09:25:18.500+02:00,0.0111083984375,0.02386474609375,0.9979400634765624,sitting
2023-04-03T09:24:35.500+02:00,0.0101776123046875,0.0252227783203125,0.996826171875,sitting
2023-04-03T09:35:13.500+02:00,-0.9224853515625,0.6719818115234375,-0.3518524169921875,moving
2023-04-03T09:35:27.500+02:00,-0.0451202392578125,0.4501800537109375,-0.9932098388671876,moving
2023-04-03T09:36:06.500+02:00,-0.897491455078125,0.195098876953125,-0.8914794921875,moving
2023-04-03T09:25:52.500+02:00,0.010894775390625,0.0240325927734375,0.9983978271484376,sitting
2023-04-03T09:25:35.000+02:00,0.011199951171875,0.023529052734375,0.997955322265625,sitting
2023-04-03T09:37:31.500+02:00,-0.0710601806640625,0.8853607177734375,-0.641693115234375,moving
2023-04-03T09:24:05.000+02:00,0.010711669921875,0.0229949951171875,0.99713134765625,sitting
2023-04-03T09:37:32.500+02:00,0.074615478515625,0.22607421875,0.91558837890625,moving
2023-04-03T09:23:49.500+02:00,0.0087738037109375,0.025482177734375,0.9968719482421876,sitting
2023-04-03T09:35:07.000+02:00,0.7667388916015625,0.2257843017578125,0.8951263427734375,moving
2023-04-03T09:23:43.500+02:00,0.010986328125,0.0244598388671875,0.9976806640625,sitting
2023-04-03T09:35:50.000+02:00,0.238037109375,0.459869384765625,0.3433837890625,moving
2023-04-03T09:25:46.000+02:00,0.011871337890625,0.0242767333984375,0.9959564208984376,sitting
2023-04-03T09:24:47.000+02:00,0.0102081298828125,0.023712158203125,0.997528076171875,sitting
2023-04-03T09:35:54.000+02:00,0.4096527099609375,0.6534881591796875,0.05914306640625,moving
2023-04-03T09:24:00.500+02:00,0.008544921875,0.0230255126953125,0.9976348876953124,sitting
2023-04-03T09:37:08.000+02:00,0.7440643310546875,0.440277099609375,-0.2279052734375,moving
2023-04-03T09:23:10.000+02:00,0.00970458984375,0.0229034423828125,0.9970855712890624,sitting
2023-04-03T09:37:51.000+02:00,0.82757568359375,0.495941162109375,-0.0794525146484375,moving
2023-04-03T09:23:35.500+02:00,0.00885009765625,0.023468017578125,0.9969024658203124,sitting
2023-04-03T09:23:53.000+02:00,0.0103302001953125,0.024505615234375,0.9973297119140624,sitting
2023-04-03T09:25:15.000+02:00,0.010772705078125,0.0238800048828125,0.998138427734375,sitting
2023-04-03T09:35:38.500+02:00,0.832061767578125,0.1415863037109375,-1.136993408203125,moving
2023-04-03T09:23:51.000+02:00,0.0088653564453125,0.0227508544921875,0.9972076416015624,sitting
